"Status","Start Time","Stop Time","Duration in ms","Parent Suite","Suite","Sub Suite","Test Class","Test Method","Name","Description"
"passed","Thu Aug 19 13:04:48 IST 2021","Thu Aug 19 13:04:49 IST 2021","735","","Expense Type Verify Validations","","Expense Type Verify Validations","Verify Validation - Select Buisness Value.","Verify Validation - Select Buisness Value.",""
"failed","Thu Aug 19 13:05:40 IST 2021","Thu Aug 19 13:05:48 IST 2021","7599","","Expense Type Verify Delete Functionality","","Expense Type Verify Delete Functionality","Delete Expense Type","Delete Expense Type",""
"broken","Thu Aug 19 13:04:54 IST 2021","Thu Aug 19 13:04:59 IST 2021","5099","","Expense Type Verify Validations","","Expense Type Verify Validations","Verify Validation  - Expense Type Already Exists","Verify Validation  - Expense Type Already Exists",""
"failed","Thu Aug 19 13:05:18 IST 2021","Thu Aug 19 13:05:30 IST 2021","11446","","Expense Type Verify Update Functionality","","Expense Type Verify Update Functionality","Update Expense Type","Update Expense Type",""
"failed","Thu Aug 19 13:04:49 IST 2021","Thu Aug 19 13:04:54 IST 2021","5763","","Expense Type Verify Validations","","Expense Type Verify Validations","Verify Validation - Enter Expense Type","Verify Validation - Enter Expense Type",""
"skipped","Thu Aug 19 13:04:48 IST 2021","Thu Aug 19 13:04:48 IST 2021","0","","Expense Type Verify Validations","","Expense Type Verify Validations","Verify Validation - Select Buisness Unit.","Verify Validation - Select Buisness Unit.",""
"passed","Thu Aug 19 13:04:39 IST 2021","Thu Aug 19 13:04:48 IST 2021","8363","","Expense Type","","Expense Type","Navigate Expense Type","Navigate Expense Type",""
"failed","Thu Aug 19 13:05:48 IST 2021","Thu Aug 19 13:05:53 IST 2021","4604","","Expense Type Verify Delete Functionality","","Expense Type Verify Delete Functionality","Verify Deleted Expense Type details","Verify Deleted Expense Type details",""
"failed","Thu Aug 19 13:05:00 IST 2021","Thu Aug 19 13:05:08 IST 2021","8423","","Expense Type Verify Save Functionality","","Expense Type Verify Save Functionality","Add Expense Type ","Add Expense Type ",""
"passed","Thu Aug 19 13:04:22 IST 2021","Thu Aug 19 13:04:39 IST 2021","17761","","Expense Type","","Expense Type","Login into Pocket HRMS","Login into Pocket HRMS",""
"failed","Thu Aug 19 13:05:30 IST 2021","Thu Aug 19 13:05:40 IST 2021","10155","","Expense Type Verify Update Functionality","","Expense Type Verify Update Functionality","Verify Updated Expense Type details","Verify Updated Expense Type details",""
"failed","Thu Aug 19 13:05:08 IST 2021","Thu Aug 19 13:05:18 IST 2021","10100","","Expense Type Verify Save Functionality","","Expense Type Verify Save Functionality","Verify Added Expense Type details","Verify Added Expense Type details",""
